"id","name","description","category","country","city","address","latitude","longitude","certifications","certification_details","capacity_value","capacity_unit","lead_time_days","website","contact_email","embedding_id","is_active","created_at","updated_at"
"000e47ad-39e7-4549-ae55-27ec5337fc1a","Amsterdam Chemicals Ltd.","Producer of specialty chemicals, solvents, and reagents for industrial and laboratory applications. Full REACH compliance and SDS documentation provided for all products.","chemicals","Netherlands","Amsterdam","195 Industriestraße, Amsterdam, Netherlands","52.270875","4.69037","[""REACH"", ""CE""]","{""REACH"": {""issuing_body"": ""Lloyd's Register"", ""valid_until"": ""2026-08-28""}, ""CE"": {""issuing_body"": ""T\u00dcV Rheinland"", ""valid_until"": ""2028-05-28""}}","5396","liters/month",21,"https://www.example-supplier-0582a361.com","procurement@example-b3da966b.com","000e47ad-39e7-4549-ae55-27ec5337fc1a",True,"2026-05-22 10:49:01.338832+00","2026-05-22 10:49:01.338832+00"
"04e17e78-ab0a-4c0e-a37a-81272633365d","Brussels Chemicals Ltd.","Producer of specialty chemicals, solvents, and reagents for industrial and laboratory applications. Full REACH compliance and SDS documentation provided for all products.","chemicals","Belgium","Brussels","133 Industriestraße, Brussels, Belgium","50.897393","4.092643","[""ISO 9001"", ""ISO 14001"", ""ISO 45001""]","{""ISO 9001"": {""issuing_body"": ""DNV"", ""valid_until"": ""2028-03-28""}, ""ISO 14001"": {""issuing_body"": ""Lloyd's Register"", ""valid_until"": ""2029-11-28""}, ""ISO 45001"": {""issuing_body"": ""DNV"", ""valid_until"": ""2026-08-28""}}","5800","liters/month",59,"https://www.example-supplier-4d507d0e.com","procurement@example-f33fc9f8.com","04e17e78-ab0a-4c0e-a37a-81272633365d",True,"2026-05-22 10:49:01.338832+00","2026-05-22 10:49:01.338832+00"
"05822af5-cd3e-4c92-b26b-9fb4b6de5d06","Bremen Packaging Ltd.","Manufacturer of cardboard, corrugated, and sustainable packaging for industrial and consumer goods. Custom design services available with FSC certified paper sourcing.","packaging","Germany","Bremen","200 Industriestraße, Bremen, Germany","52.903217","8.559754","[""ISO 9001"", ""ISO 27001"", ""RoHS"", ""ISO 22000""]","{""ISO 9001"": {""issuing_body"": ""Bureau Veritas"", ""valid_until"": ""2026-08-28""}, ""ISO 27001"": {""issuing_body"": ""Lloyd's Register"", ""valid_until"": ""2027-10-28""}, ""RoHS"": {""issuing_body"": ""T\u00dcV Rheinland"", ""valid_until"": ""2028-08-28""}, ""ISO 22000"": {""issuing_body"": ""T\u00dcV Rheinland"", ""valid_until"": ""2026-08-28""}}","454228","units/month",58,"https://www.example-supplier-2e1c4326.com","procurement@example-83529811.com","05822af5-cd3e-4c92-b26b-9fb4b6de5d06",True,"2026-05-22 10:49:01.338832+00","2026-05-22 10:49:01.338832+00"
"097e20c2-6b40-432e-b4ce-ee1e1f3316f9","Stuttgart Electronics GmbH","Distributor and manufacturer of electronic components including PCBs, sensors, and microcontrollers. Serves automotive, industrial automation, and consumer electronics markets.","electronics","Germany","Stuttgart","16 Industriestraße, Stuttgart, Germany","48.556517","9.268837","[""ISO 9001"", ""REACH"", ""ISO 14001""]","{""ISO 9001"": {""issuing_body"": ""DNV"", ""valid_until"": ""2028-02-28""}, ""REACH"": {""issuing_body"": ""SGS"", ""valid_until"": ""2027-04-28""}, ""ISO 14001"": {""issuing_body"": ""Lloyd's Register"", ""valid_until"": ""2029-03-28""}}","56296","units/month",30,"https://www.example-supplier-5d9edf15.com","procurement@example-72d723d5.com","097e20c2-6b40-432e-b4ce-ee1e1f3316f9",True,"2026-05-22 10:49:01.338832+00","2026-05-22 10:49:01.338832+00"
"0cd55def-98ca-4bf8-a9d3-1588a43a68c6","Duesseldorf Electronics AG","Distributor and manufacturer of electronic components including PCBs, sensors, and microcontrollers. Serves automotive, industrial automation, and consumer electronics markets.","electronics","Germany","Düsseldorf","172 Industriestraße, Düsseldorf, Germany","51.264359","6.527412","[""RoHS"", ""IATF 16949"", ""ISO 45001""]","{""RoHS"": {""issuing_body"": ""Bureau Veritas"", ""valid_until"": ""2027-05-28""}, ""IATF 16949"": {""issuing_body"": ""DNV"", ""valid_until"": ""2027-11-28""}, ""ISO 45001"": {""issuing_body"": ""Bureau Veritas"", ""valid_until"": ""2029-06-28""}}","99548","units/month",16,"https://www.example-supplier-d9cc88a8.com","procurement@example-a9fb1113.com","0cd55def-98ca-4bf8-a9d3-1588a43a68c6",True,"2026-05-22 10:49:01.338832+00","2026-05-22 10:49:01.338832+00"
"11e17e66-3915-4a79-bea3-8e7ba95dbb94","Berlin Electronics AG","Distributor and manufacturer of electronic components including PCBs, sensors, and microcontrollers. Serves automotive, industrial automation, and consumer electronics markets.","electronics","Germany","Berlin","46 Industriestraße, Berlin, Germany","52.440907","13.437369","[""ISO 9001"", ""ISO 45001"", ""ISO 22000"", ""AS9100""]","{""ISO 9001"": {""issuing_body"": ""DNV"", ""valid_until"": ""2026-03-28""}, ""ISO 45001"": {""issuing_body"": ""Bureau Veritas"", ""valid_until"": ""2029-11-28""}, ""ISO 22000"": {""issuing_body"": ""SGS"", ""valid_until"": ""2028-03-28""}, ""AS9100"": {""issuing_body"": ""T\u00dcV Rheinland"", ""valid_until"": ""2029-01-28""}}","62694","units/month",35,"https://www.example-supplier-2bc0b028.com","procurement@example-f4c6c78f.com","11e17e66-3915-4a79-bea3-8e7ba95dbb94",True,"2026-05-22 10:49:01.338832+00","2026-05-22 10:49:01.338832+00"
"1402f74a-4e32-4737-ae56-1f09942157dd","Berlin Software Services B.V.","Provider of enterprise software development, ERP integration, and digital transformation services. ISO 27001 certified information security management with 99.9% SLA.","software_services","Germany","Berlin","87 Industriestraße, Berlin, Germany","52.666757","13.532128","[""ISO 9001"", ""IATF 16949""]","{""ISO 9001"": {""issuing_body"": ""SGS"", ""valid_until"": ""2029-12-28""}, ""IATF 16949"": {""issuing_body"": ""DNV"", ""valid_until"": ""2027-03-28""}}","5","projects/month",65,"https://www.example-supplier-b7b0ff1f.com","procurement@example-8c73e3ae.com","1402f74a-4e32-4737-ae56-1f09942157dd",True,"2026-05-22 10:49:01.338832+00","2026-05-22 10:49:01.338832+00"
"147165d6-e689-48c9-bb2d-b8ce3c542dec","Cologne Logistics B.V.","Full-service logistics provider offering road, rail, and multimodal freight solutions across Europe. Temperature-controlled and hazardous goods transport available.","logistics","Germany","Cologne","170 Industriestraße, Cologne, Germany","51.117357","7.176779","[""ISO 9001"", ""ISO 14001"", ""AS9100"", ""CE""]","{""ISO 9001"": {""issuing_body"": ""T\u00dcV Rheinland"", ""valid_until"": ""2026-11-28""}, ""ISO 14001"": {""issuing_body"": ""DNV"", ""valid_until"": ""2027-08-28""}, ""AS9100"": {""issuing_body"": ""SGS"", ""valid_until"": ""2026-05-28""}, ""CE"": {""issuing_body"": ""DNV"", ""valid_until"": ""2028-04-28""}}","475","shipments/day",48,"https://www.example-supplier-b186a485.com","procurement@example-3d97ca2f.com","147165d6-e689-48c9-bb2d-b8ce3c542dec",True,"2026-05-22 10:49:01.338832+00","2026-05-22 10:49:01.338832+00"
"1541359a-bcd9-4a21-8883-fa9b1708a442","Rotterdam Packaging B.V.","Manufacturer of cardboard, corrugated, and sustainable packaging for industrial and consumer goods. Custom design services available with FSC certified paper sourcing.","packaging","Netherlands","Rotterdam","169 Industriestraße, Rotterdam, Netherlands","51.71623","4.358007","[""RoHS"", ""ISO 14001""]","{""RoHS"": {""issuing_body"": ""Bureau Veritas"", ""valid_until"": ""2026-03-28""}, ""ISO 14001"": {""issuing_body"": ""Bureau Veritas"", ""valid_until"": ""2028-06-28""}}","194037","units/month",7,"https://www.example-supplier-141cadba.com","procurement@example-b37fa5cb.com","1541359a-bcd9-4a21-8883-fa9b1708a442",True,"2026-05-22 10:49:01.338832+00","2026-05-22 10:49:01.338832+00"
"18300dba-b4e6-495b-80d1-0b4c79e1370c","Frankfurt Food Ingredients AG","Supplier of food-grade ingredients including flavor enhancers, stabilizers, and preservatives. HACCP certified and fully compliant with EU food law regulations.","food_ingredients","Germany","Frankfurt","153 Industriestraße, Frankfurt, Germany","50.020825","8.726824","[""CE"", ""AS9100""]","{""CE"": {""issuing_body"": ""T\u00dcV Rheinland"", ""valid_until"": ""2028-09-28""}, ""AS9100"": {""issuing_body"": ""DNV"", ""valid_until"": ""2028-03-28""}}","17748","kg/month",18,"https://www.example-supplier-a4a7ef39.com","procurement@example-743b7955.com","18300dba-b4e6-495b-80d1-0b4c79e1370c",True,"2026-05-22 10:49:01.338832+00","2026-05-22 10:49:01.338832+00"
"1dd58d6b-7752-4560-9810-c968ff756a24","Prague Food Ingredients S.A.","Supplier of food-grade ingredients including flavor enhancers, stabilizers, and preservatives. HACCP certified and fully compliant with EU food law regulations.","food_ingredients","Czech Republic","Prague","174 Industriestraße, Prague, Czech Republic","50.08851","14.497154","[""ISO 9001"", ""AS9100"", ""RoHS""]","{""ISO 9001"": {""issuing_body"": ""Lloyd's Register"", ""valid_until"": ""2026-11-28""}, ""AS9100"": {""issuing_body"": ""Bureau Veritas"", ""valid_until"": ""2026-06-28""}, ""RoHS"": {""issuing_body"": ""T\u00dcV Rheinland"", ""valid_until"": ""2029-05-28""}}","8757","kg/month",84,"https://www.example-supplier-e705e7ab.com","procurement@example-d3b7fb0c.com","1dd58d6b-7752-4560-9810-c968ff756a24",True,"2026-05-22 10:49:01.338832+00","2026-05-22 10:49:01.338832+00"
"2545520d-dd35-4305-a82c-51a6459ee499","Rotterdam Construction Materials S.A.","Producer of structural concrete elements, precast components, and thermal insulation materials. CE marked products compliant with EU Construction Products Regulation.","construction_materials","Netherlands","Rotterdam","64 Industriestraße, Rotterdam, Netherlands","51.855218","4.619908","[""ISO 9001"", ""IATF 16949"", ""AS9100"", ""ISO 45001""]","{""ISO 9001"": {""issuing_body"": ""T\u00dcV Rheinland"", ""valid_until"": ""2026-12-28""}, ""IATF 16949"": {""issuing_body"": ""SGS"", ""valid_until"": ""2029-09-28""}, ""AS9100"": {""issuing_body"": ""DNV"", ""valid_until"": ""2026-05-28""}, ""ISO 45001"": {""issuing_body"": ""Bureau Veritas"", ""valid_until"": ""2029-04-28""}}","2439","tons/month",69,"https://www.example-supplier-005eab7e.com","procurement@example-19556985.com","2545520d-dd35-4305-a82c-51a6459ee499",True,"2026-05-22 10:49:01.338832+00","2026-05-22 10:49:01.338832+00"
"2c48e14c-bff6-41d1-83f1-c5222eababc6","Stockholm Textiles S.A.","Technical textile manufacturer producing industrial fabrics, filtration media, and protective materials. Custom weaving and finishing to specification with OEKO-TEX certified production.","textiles","Sweden","Stockholm","197 Industriestraße, Stockholm, Sweden","59.141399","17.866557","[""ISO 9001"", ""ISO 22000"", ""REACH"", ""IATF 16949""]","{""ISO 9001"": {""issuing_body"": ""Bureau Veritas"", ""valid_until"": ""2027-10-28""}, ""ISO 22000"": {""issuing_body"": ""Lloyd's Register"", ""valid_until"": ""2026-03-28""}, ""REACH"": {""issuing_body"": ""Bureau Veritas"", ""valid_until"": ""2026-10-28""}, ""IATF 16949"": {""issuing_body"": ""T\u00dcV Rheinland"", ""valid_until"": ""2028-10-28""}}","45390","meters/month",55,"https://www.example-supplier-872aabc3.com","procurement@example-8591afcb.com","2c48e14c-bff6-41d1-83f1-c5222eababc6",True,"2026-05-22 10:49:01.338832+00","2026-05-22 10:49:01.338832+00"
"2f0932e3-3a00-4496-bcad-2e7d9d652a8f","Stuttgart Logistics GmbH","Full-service logistics provider offering road, rail, and multimodal freight solutions across Europe. Temperature-controlled and hazardous goods transport available.","logistics","Germany","Stuttgart","169 Industriestraße, Stuttgart, Germany","48.946928","9.161442","[""ISO 9001"", ""ISO 22000""]","{""ISO 9001"": {""issuing_body"": ""SGS"", ""valid_until"": ""2029-06-28""}, ""ISO 22000"": {""issuing_body"": ""Bureau Veritas"", ""valid_until"": ""2026-05-28""}}","369","shipments/day",89,"https://www.example-supplier-a9ccdffb.com","procurement@example-26d015ff.com","2f0932e3-3a00-4496-bcad-2e7d9d652a8f",True,"2026-05-22 10:49:01.338832+00","2026-05-22 10:49:01.338832+00"
"362a4e57-37b3-40f7-b9d0-5288d40b9bca","Rotterdam Packaging GmbH","Manufacturer of cardboard, corrugated, and sustainable packaging for industrial and consumer goods. Custom design services available with FSC certified paper sourcing.","packaging","Netherlands","Rotterdam","111 Industriestraße, Rotterdam, Netherlands","52.169585","4.578684","[""ISO 9001"", ""ISO 27001""]","{""ISO 9001"": {""issuing_body"": ""T\u00dcV Rheinland"", ""valid_until"": ""2028-03-28""}, ""ISO 27001"": {""issuing_body"": ""Lloyd's Register"", ""valid_until"": ""2026-10-28""}}","304433","units/month",78,"https://www.example-supplier-60fa8c59.com","procurement@example-ec9b79f6.com","362a4e57-37b3-40f7-b9d0-5288d40b9bca",True,"2026-05-22 10:49:01.338832+00","2026-05-22 10:49:01.338832+00"
"37df563e-5aaa-47d7-885c-c5140b611bc8","Paris Software Services AG","Provider of enterprise software development, ERP integration, and digital transformation services. ISO 27001 certified information security management with 99.9% SLA.","software_services","France","Paris","42 Industriestraße, Paris, France","48.606734","2.263965","[""ISO 9001"", ""AS9100""]","{""ISO 9001"": {""issuing_body"": ""SGS"", ""valid_until"": ""2027-12-28""}, ""AS9100"": {""issuing_body"": ""DNV"", ""valid_until"": ""2026-07-28""}}","24","projects/month",37,"https://www.example-supplier-fa2d7ab1.com","procurement@example-62e4282b.com","37df563e-5aaa-47d7-885c-c5140b611bc8",True,"2026-05-22 10:49:01.338832+00","2026-05-22 10:49:01.338832+00"
"3b50815b-9357-4950-bbb6-bbcd85aa0d9d","Krakow Logistics GmbH","Full-service logistics provider offering road, rail, and multimodal freight solutions across Europe. Temperature-controlled and hazardous goods transport available.","logistics","Poland","Krakow","91 Industriestraße, Krakow, Poland","49.828087","20.124941","[""ISO 9001"", ""ISO 14001"", ""AS9100"", ""ISO 22000""]","{""ISO 9001"": {""issuing_body"": ""Bureau Veritas"", ""valid_until"": ""2029-07-28""}, ""ISO 14001"": {""issuing_body"": ""Lloyd's Register"", ""valid_until"": ""2027-08-28""}, ""AS9100"": {""issuing_body"": ""SGS"", ""valid_until"": ""2028-07-28""}, ""ISO 22000"": {""issuing_body"": ""DNV"", ""valid_until"": ""2026-07-28""}}","354","shipments/day",58,"https://www.example-supplier-3bb6d8be.com","procurement@example-14a31b77.com","3b50815b-9357-4950-bbb6-bbcd85aa0d9d",True,"2026-05-22 10:49:01.338832+00","2026-05-22 10:49:01.338832+00"
"3dbd0b9e-a251-41ea-b45c-857c7b548925","Berlin Machinery AG","Manufacturer of industrial automation equipment, conveyor systems, and material handling machinery. CE marked and EU Machinery Directive compliant. Full installation and maintenance services.","machinery","Germany","Berlin","24 Industriestraße, Berlin, Germany","52.738056","13.484103","[""ISO 9001"", ""ISO 14001"", ""IATF 16949""]","{""ISO 9001"": {""issuing_body"": ""Bureau Veritas"", ""valid_until"": ""2028-12-28""}, ""ISO 14001"": {""issuing_body"": ""DNV"", ""valid_until"": ""2027-04-28""}, ""IATF 16949"": {""issuing_body"": ""SGS"", ""valid_until"": ""2028-09-28""}}","69","units/month",41,"https://www.example-supplier-792a8074.com","procurement@example-8913e29d.com","3dbd0b9e-a251-41ea-b45c-857c7b548925",True,"2026-05-22 10:49:01.338832+00","2026-05-22 10:49:01.338832+00"
"41e5860a-fa54-46e3-977a-bf2cfdbd97c0","Stockholm Food Ingredients B.V.","Supplier of food-grade ingredients including flavor enhancers, stabilizers, and preservatives. HACCP certified and fully compliant with EU food law regulations.","food_ingredients","Sweden","Stockholm","167 Industriestraße, Stockholm, Sweden","59.33312","18.048444","[""ISO 9001"", ""ISO 14001"", ""REACH"", ""AS9100""]","{""ISO 9001"": {""issuing_body"": ""SGS"", ""valid_until"": ""2028-10-28""}, ""ISO 14001"": {""issuing_body"": ""DNV"", ""valid_until"": ""2027-01-28""}, ""REACH"": {""issuing_body"": ""DNV"", ""valid_until"": ""2026-06-28""}, ""AS9100"": {""issuing_body"": ""T\u00dcV Rheinland"", ""valid_until"": ""2027-01-28""}}","8618","kg/month",63,"https://www.example-supplier-3c3a9e78.com","procurement@example-4c791d89.com","41e5860a-fa54-46e3-977a-bf2cfdbd97c0",True,"2026-05-22 10:49:01.338832+00","2026-05-22 10:49:01.338832+00"
"439a36c1-54a0-411d-a26a-edce4aecbb04","Amsterdam Logistics B.V.","Full-service logistics provider offering road, rail, and multimodal freight solutions across Europe. Temperature-controlled and hazardous goods transport available.","logistics","Netherlands","Amsterdam","146 Industriestraße, Amsterdam, Netherlands","52.314843","4.793643","[""AS9100"", ""ISO 45001""]","{""AS9100"": {""issuing_body"": ""Bureau Veritas"", ""valid_until"": ""2029-09-28""}, ""ISO 45001"": {""issuing_body"": ""T\u00dcV Rheinland"", ""valid_until"": ""2028-05-28""}}","225","shipments/day",62,"https://www.example-supplier-b4495b46.com","procurement@example-a4893e80.com","439a36c1-54a0-411d-a26a-edce4aecbb04",True,"2026-05-22 10:49:01.338832+00","2026-05-22 10:49:01.338832+00"
"463b41fd-f240-48e7-8705-533ece222521","Stuttgart Software Services S.A.","Provider of enterprise software development, ERP integration, and digital transformation services. ISO 27001 certified information security management with 99.9% SLA.","software_services","Germany","Stuttgart","61 Industriestraße, Stuttgart, Germany","48.956861","9.209281","[""ISO 9001"", ""AS9100"", ""ISO 27001"", ""RoHS""]","{""ISO 9001"": {""issuing_body"": ""Bureau Veritas"", ""valid_until"": ""2026-01-28""}, ""AS9100"": {""issuing_body"": ""SGS"", ""valid_until"": ""2029-11-28""}, ""ISO 27001"": {""issuing_body"": ""Lloyd's Register"", ""valid_until"": ""2029-02-28""}, ""RoHS"": {""issuing_body"": ""T\u00dcV Rheinland"", ""valid_until"": ""2029-10-28""}}","35","projects/month",9,"https://www.example-supplier-3eb6b280.com","procurement@example-2b05028e.com","463b41fd-f240-48e7-8705-533ece222521",True,"2026-05-22 10:49:01.338832+00","2026-05-22 10:49:01.338832+00"
"4644a587-27c4-4df4-b06d-2b9bbee3cea9","Amsterdam Textiles Ltd.","Technical textile manufacturer producing industrial fabrics, filtration media, and protective materials. Custom weaving and finishing to specification with OEKO-TEX certified production.","textiles","Netherlands","Amsterdam","5 Industriestraße, Amsterdam, Netherlands","52.508805","4.838763","[""ISO 9001"", ""CE"", ""ISO 27001""]","{""ISO 9001"": {""issuing_body"": ""Lloyd's Register"", ""valid_until"": ""2026-06-28""}, ""CE"": {""issuing_body"": ""SGS"", ""valid_until"": ""2026-11-28""}, ""ISO 27001"": {""issuing_body"": ""T\u00dcV Rheinland"", ""valid_until"": ""2026-04-28""}}","14065","meters/month",9,"https://www.example-supplier-7944a304.com","procurement@example-0c61d372.com","4644a587-27c4-4df4-b06d-2b9bbee3cea9",True,"2026-05-22 10:49:01.338832+00","2026-05-22 10:49:01.338832+00"
"47cb73e0-d0c0-44c2-8c43-dac509ef99f0","Lyon Metals GmbH","Specializes in precision metal components including steel, aluminum, and copper alloys. State-of-the-art CNC machining facility with 20 years of experience in automotive and aerospace.","metals","France","Lyon","85 Industriestraße, Lyon, France","45.618116","4.684466","[""ISO 14001"", ""ISO 22000"", ""RoHS""]","{""ISO 14001"": {""issuing_body"": ""T\u00dcV Rheinland"", ""valid_until"": ""2027-05-28""}, ""ISO 22000"": {""issuing_body"": ""DNV"", ""valid_until"": ""2027-09-28""}, ""RoHS"": {""issuing_body"": ""SGS"", ""valid_until"": ""2029-04-28""}}","31496","kg/month",59,"https://www.example-supplier-1e4d54eb.com","procurement@example-7441a115.com","47cb73e0-d0c0-44c2-8c43-dac509ef99f0",True,"2026-05-22 10:49:01.338832+00","2026-05-22 10:49:01.338832+00"
"4930025c-c05a-4677-a863-14b2decf71e1","Stuttgart Food Ingredients Ltd.","Supplier of food-grade ingredients including flavor enhancers, stabilizers, and preservatives. HACCP certified and fully compliant with EU food law regulations.","food_ingredients","Germany","Stuttgart","119 Industriestraße, Stuttgart, Germany","48.599313","8.995262","[""ISO 9001"", ""ISO 45001""]","{""ISO 9001"": {""issuing_body"": ""Lloyd's Register"", ""valid_until"": ""2029-11-28""}, ""ISO 45001"": {""issuing_body"": ""Lloyd's Register"", ""valid_until"": ""2028-11-28""}}","10859","kg/month",26,"https://www.example-supplier-baff81a0.com","procurement@example-56cc0d80.com","4930025c-c05a-4677-a863-14b2decf71e1",True,"2026-05-22 10:49:01.338832+00","2026-05-22 10:49:01.338832+00"
"4dc45e0c-bc45-43ff-8534-c3ac0aedc385","Amsterdam Packaging B.V.","Manufacturer of cardboard, corrugated, and sustainable packaging for industrial and consumer goods. Custom design services available with FSC certified paper sourcing.","packaging","Netherlands","Amsterdam","80 Industriestraße, Amsterdam, Netherlands","52.459499","4.855888","[""ISO 9001"", ""ISO 14001"", ""CE""]","{""ISO 9001"": {""issuing_body"": ""Bureau Veritas"", ""valid_until"": ""2026-10-28""}, ""ISO 14001"": {""issuing_body"": ""Lloyd's Register"", ""valid_until"": ""2027-03-28""}, ""CE"": {""issuing_body"": ""DNV"", ""valid_until"": ""2027-02-28""}}","193560","units/month",78,"https://www.example-supplier-429ff703.com","procurement@example-3b7a904b.com","4dc45e0c-bc45-43ff-8534-c3ac0aedc385",True,"2026-05-22 10:49:01.338832+00","2026-05-22 10:49:01.338832+00"
"4e5fcf38-bade-4e91-a449-120fc600836c","Brussels Logistics AG","Full-service logistics provider offering road, rail, and multimodal freight solutions across Europe. Temperature-controlled and hazardous goods transport available.","logistics","Belgium","Brussels","169 Industriestraße, Brussels, Belgium","50.907955","4.255619","[""ISO 9001"", ""ISO 22000"", ""REACH"", ""AS9100""]","{""ISO 9001"": {""issuing_body"": ""T\u00dcV Rheinland"", ""valid_until"": ""2028-09-28""}, ""ISO 22000"": {""issuing_body"": ""Lloyd's Register"", ""valid_until"": ""2028-02-28""}, ""REACH"": {""issuing_body"": ""SGS"", ""valid_until"": ""2028-04-28""}, ""AS9100"": {""issuing_body"": ""SGS"", ""valid_until"": ""2027-01-28""}}","57","shipments/day",38,"https://www.example-supplier-336da0e1.com","procurement@example-05de4e05.com","4e5fcf38-bade-4e91-a449-120fc600836c",True,"2026-05-22 10:49:01.338832+00","2026-05-22 10:49:01.338832+00"
"51b10a2a-e16e-4bac-a1f4-d996f2ec78e4","Munich Construction Materials GmbH","Producer of structural concrete elements, precast components, and thermal insulation materials. CE marked products compliant with EU Construction Products Regulation.","construction_materials","Germany","Munich","128 Industriestraße, Munich, Germany","47.889404","11.658461","[""ISO 9001"", ""ISO 22000"", ""AS9100"", ""CE""]","{""ISO 9001"": {""issuing_body"": ""Lloyd's Register"", ""valid_until"": ""2028-11-28""}, ""ISO 22000"": {""issuing_body"": ""Bureau Veritas"", ""valid_until"": ""2029-04-28""}, ""AS9100"": {""issuing_body"": ""DNV"", ""valid_until"": ""2028-08-28""}, ""CE"": {""issuing_body"": ""T\u00dcV Rheinland"", ""valid_until"": ""2026-03-28""}}","3701","tons/month",60,"https://www.example-supplier-35b07f0e.com","procurement@example-5b43c803.com","51b10a2a-e16e-4bac-a1f4-d996f2ec78e4",True,"2026-05-22 10:49:01.338832+00","2026-05-22 10:49:01.338832+00"
"57b1a891-574f-47a7-b72d-f1612368d3d8","Krakow Machinery AG","Manufacturer of industrial automation equipment, conveyor systems, and material handling machinery. CE marked and EU Machinery Directive compliant. Full installation and maintenance services.","machinery","Poland","Krakow","21 Industriestraße, Krakow, Poland","49.873116","19.961847","[""ISO 9001"", ""ISO 45001""]","{""ISO 9001"": {""issuing_body"": ""Lloyd's Register"", ""valid_until"": ""2029-10-28""}, ""ISO 45001"": {""issuing_body"": ""SGS"", ""valid_until"": ""2029-10-28""}}","23","units/month",36,"https://www.example-supplier-8b1e9362.com","procurement@example-06acd340.com","57b1a891-574f-47a7-b72d-f1612368d3d8",True,"2026-05-22 10:49:01.338832+00","2026-05-22 10:49:01.338832+00"
"5a25bda3-d90f-4bc0-8182-9bc1c73ad6fd","Paris Software Services AG","Provider of enterprise software development, ERP integration, and digital transformation services. ISO 27001 certified information security management with 99.9% SLA.","software_services","France","Paris","147 Industriestraße, Paris, France","48.897166","2.470332","[""ISO 9001"", ""IATF 16949""]","{""ISO 9001"": {""issuing_body"": ""DNV"", ""valid_until"": ""2027-11-28""}, ""IATF 16949"": {""issuing_body"": ""T\u00dcV Rheinland"", ""valid_until"": ""2028-02-28""}}","34","projects/month",76,"https://www.example-supplier-a964263b.com","procurement@example-6373ad67.com","5a25bda3-d90f-4bc0-8182-9bc1c73ad6fd",True,"2026-05-22 10:49:01.338832+00","2026-05-22 10:49:01.338832+00"
"5c5c0820-ebd9-4f16-af85-279282909442","Hannover Metals AG","Specializes in precision metal components including steel, aluminum, and copper alloys. State-of-the-art CNC machining facility with 20 years of experience in automotive and aerospace.","metals","Germany","Hannover","198 Industriestraße, Hannover, Germany","52.553957","9.796065","[""ISO 9001"", ""ISO 22000"", ""ISO 27001"", ""ISO 14001""]","{""ISO 9001"": {""issuing_body"": ""Bureau Veritas"", ""valid_until"": ""2026-04-28""}, ""ISO 22000"": {""issuing_body"": ""T\u00dcV Rheinland"", ""valid_until"": ""2029-05-28""}, ""ISO 27001"": {""issuing_body"": ""DNV"", ""valid_until"": ""2028-03-28""}, ""ISO 14001"": {""issuing_body"": ""Bureau Veritas"", ""valid_until"": ""2028-04-28""}}","44420","kg/month",41,"https://www.example-supplier-a9ee01e3.com","procurement@example-8c747241.com","5c5c0820-ebd9-4f16-af85-279282909442",True,"2026-05-22 10:49:01.338832+00","2026-05-22 10:49:01.338832+00"
"5c63b9cb-b9f6-497e-b410-5d01159f004b","Prague Software Services AG","Provider of enterprise software development, ERP integration, and digital transformation services. ISO 27001 certified information security management with 99.9% SLA.","software_services","Czech Republic","Prague","80 Industriestraße, Prague, Czech Republic","50.135281","14.574228","[""ISO 9001"", ""RoHS""]","{""ISO 9001"": {""issuing_body"": ""DNV"", ""valid_until"": ""2027-06-28""}, ""RoHS"": {""issuing_body"": ""Lloyd's Register"", ""valid_until"": ""2029-08-28""}}","50","projects/month",43,"https://www.example-supplier-04b8066a.com","procurement@example-82465279.com","5c63b9cb-b9f6-497e-b410-5d01159f004b",True,"2026-05-22 10:49:01.338832+00","2026-05-22 10:49:01.338832+00"
"5cab9d8f-5c14-4dce-8e63-b5a3b0d6ed76","Berlin Chemicals GmbH","Producer of specialty chemicals, solvents, and reagents for industrial and laboratory applications. Full REACH compliance and SDS documentation provided for all products.","chemicals","Germany","Berlin","142 Industriestraße, Berlin, Germany","52.265335","13.475282","[""ISO 9001"", ""ISO 45001"", ""CE"", ""REACH""]","{""ISO 9001"": {""issuing_body"": ""DNV"", ""valid_until"": ""2026-04-28""}, ""ISO 45001"": {""issuing_body"": ""T\u00dcV Rheinland"", ""valid_until"": ""2029-02-28""}, ""CE"": {""issuing_body"": ""SGS"", ""valid_until"": ""2029-12-28""}, ""REACH"": {""issuing_body"": ""Bureau Veritas"", ""valid_until"": ""2028-07-28""}}","8005","liters/month",67,"https://www.example-supplier-a2fc7f6d.com","procurement@example-2a610302.com","5cab9d8f-5c14-4dce-8e63-b5a3b0d6ed76",True,"2026-05-22 10:49:01.338832+00","2026-05-22 10:49:01.338832+00"
"5d512ab6-0fe4-4173-9fc3-e78124eb07ca","Hannover Packaging Ltd.","Manufacturer of cardboard, corrugated, and sustainable packaging for industrial and consumer goods. Custom design services available with FSC certified paper sourcing.","packaging","Germany","Hannover","59 Industriestraße, Hannover, Germany","52.350881","9.788987","[""ISO 27001"", ""ISO 22000"", ""REACH""]","{""ISO 27001"": {""issuing_body"": ""DNV"", ""valid_until"": ""2028-08-28""}, ""ISO 22000"": {""issuing_body"": ""DNV"", ""valid_until"": ""2029-12-28""}, ""REACH"": {""issuing_body"": ""T\u00dcV Rheinland"", ""valid_until"": ""2028-07-28""}}","173852","units/month",39,"https://www.example-supplier-fa7274d9.com","procurement@example-00758d0d.com","5d512ab6-0fe4-4173-9fc3-e78124eb07ca",True,"2026-05-22 10:49:01.338832+00","2026-05-22 10:49:01.338832+00"
"62b4ccc4-e934-4f85-a7b2-22b1483d40f3","Vienna Metals AG","Specializes in precision metal components including steel, aluminum, and copper alloys. State-of-the-art CNC machining facility with 20 years of experience in automotive and aerospace.","metals","Austria","Vienna","183 Industriestraße, Vienna, Austria","48.44974","16.192788","[""ISO 9001"", ""AS9100"", ""ISO 22000"", ""CE""]","{""ISO 9001"": {""issuing_body"": ""Bureau Veritas"", ""valid_until"": ""2029-11-28""}, ""AS9100"": {""issuing_body"": ""Bureau Veritas"", ""valid_until"": ""2029-09-28""}, ""ISO 22000"": {""issuing_body"": ""DNV"", ""valid_until"": ""2026-04-28""}, ""CE"": {""issuing_body"": ""SGS"", ""valid_until"": ""2026-06-28""}}","1878","kg/month",82,"https://www.example-supplier-92423a6a.com","procurement@example-c092b08a.com","62b4ccc4-e934-4f85-a7b2-22b1483d40f3",True,"2026-05-22 10:49:01.338832+00","2026-05-22 10:49:01.338832+00"
"62d8810d-1ef8-4dbe-8b79-df010abf4e4e","Vienna Textiles GmbH","Technical textile manufacturer producing industrial fabrics, filtration media, and protective materials. Custom weaving and finishing to specification with OEKO-TEX certified production.","textiles","Austria","Vienna","24 Industriestraße, Vienna, Austria","48.238025","16.233435","[""ISO 9001"", ""REACH"", ""RoHS"", ""AS9100""]","{""ISO 9001"": {""issuing_body"": ""Bureau Veritas"", ""valid_until"": ""2027-07-28""}, ""REACH"": {""issuing_body"": ""SGS"", ""valid_until"": ""2028-11-28""}, ""RoHS"": {""issuing_body"": ""Lloyd's Register"", ""valid_until"": ""2028-08-28""}, ""AS9100"": {""issuing_body"": ""Lloyd's Register"", ""valid_until"": ""2028-07-28""}}","49885","meters/month",77,"https://www.example-supplier-20c06520.com","procurement@example-e3ea1b89.com","62d8810d-1ef8-4dbe-8b79-df010abf4e4e",True,"2026-05-22 10:49:01.338832+00","2026-05-22 10:49:01.338832+00"
"634d2152-4f52-4fac-a036-6aab159d1c8e","Berlin Packaging GmbH","Manufacturer of cardboard, corrugated, and sustainable packaging for industrial and consumer goods. Custom design services available with FSC certified paper sourcing.","packaging","Germany","Berlin","86 Industriestraße, Berlin, Germany","52.762709","13.580238","[""ISO 14001""]","{""ISO 14001"": {""issuing_body"": ""SGS"", ""valid_until"": ""2027-10-28""}}","117586","units/month",15,"https://www.example-supplier-c348d8bf.com","procurement@example-ff108652.com","634d2152-4f52-4fac-a036-6aab159d1c8e",True,"2026-05-22 10:49:01.338832+00","2026-05-22 10:49:01.338832+00"
"6437c778-0288-440c-b015-c842becb2c63","Paris Logistics S.A.","Full-service logistics provider offering road, rail, and multimodal freight solutions across Europe. Temperature-controlled and hazardous goods transport available.","logistics","France","Paris","46 Industriestraße, Paris, France","48.802372","2.612281","[""ISO 9001"", ""ISO 27001""]","{""ISO 9001"": {""issuing_body"": ""Lloyd's Register"", ""valid_until"": ""2028-01-28""}, ""ISO 27001"": {""issuing_body"": ""T\u00dcV Rheinland"", ""valid_until"": ""2029-06-28""}}","756","shipments/day",47,"https://www.example-supplier-15e72731.com","procurement@example-71325a88.com","6437c778-0288-440c-b015-c842becb2c63",True,"2026-05-22 10:49:01.338832+00","2026-05-22 10:49:01.338832+00"
"65110852-08e4-464c-a613-29ad4cad8a1d","Prague Food Ingredients Ltd.","Supplier of food-grade ingredients including flavor enhancers, stabilizers, and preservatives. HACCP certified and fully compliant with EU food law regulations.","food_ingredients","Czech Republic","Prague","151 Industriestraße, Prague, Czech Republic","50.254973","14.664703","[""ISO 22000""]","{""ISO 22000"": {""issuing_body"": ""DNV"", ""valid_until"": ""2026-07-28""}}","10667","kg/month",50,"https://www.example-supplier-694b0ec8.com","procurement@example-22e3f417.com","65110852-08e4-464c-a613-29ad4cad8a1d",True,"2026-05-22 10:49:01.338832+00","2026-05-22 10:49:01.338832+00"
"65f4255f-ca23-479c-84cd-0279e17515a3","Stuttgart Metals GmbH","Specializes in precision metal components including steel, aluminum, and copper alloys. State-of-the-art CNC machining facility with 20 years of experience in automotive and aerospace.","metals","Germany","Stuttgart","29 Industriestraße, Stuttgart, Germany","48.588146","9.324798","[""ISO 9001"", ""ISO 14001"", ""IATF 16949"", ""ISO 22000""]","{""ISO 9001"": {""issuing_body"": ""Bureau Veritas"", ""valid_until"": ""2028-04-28""}, ""ISO 14001"": {""issuing_body"": ""T\u00dcV Rheinland"", ""valid_until"": ""2027-10-28""}, ""IATF 16949"": {""issuing_body"": ""T\u00dcV Rheinland"", ""valid_until"": ""2026-12-28""}, ""ISO 22000"": {""issuing_body"": ""DNV"", ""valid_until"": ""2026-09-28""}}","8741","kg/month",23,"https://www.example-supplier-404f2561.com","procurement@example-f72c5450.com","65f4255f-ca23-479c-84cd-0279e17515a3",True,"2026-05-22 10:49:01.338832+00","2026-05-22 10:49:01.338832+00"
"67c00429-8e4c-4715-b639-080cd91794ce","Hannover Chemicals B.V.","Producer of specialty chemicals, solvents, and reagents for industrial and laboratory applications. Full REACH compliance and SDS documentation provided for all products.","chemicals","Germany","Hannover","170 Industriestraße, Hannover, Germany","52.487768","9.841723","[""ISO 9001"", ""ISO 22000"", ""CE"", ""AS9100""]","{""ISO 9001"": {""issuing_body"": ""SGS"", ""valid_until"": ""2029-02-28""}, ""ISO 22000"": {""issuing_body"": ""Lloyd's Register"", ""valid_until"": ""2027-11-28""}, ""CE"": {""issuing_body"": ""SGS"", ""valid_until"": ""2028-03-28""}, ""AS9100"": {""issuing_body"": ""T\u00dcV Rheinland"", ""valid_until"": ""2026-03-28""}}","5139","liters/month",83,"https://www.example-supplier-0bc93fc5.com","procurement@example-576ca248.com","67c00429-8e4c-4715-b639-080cd91794ce",True,"2026-05-22 10:49:01.338832+00","2026-05-22 10:49:01.338832+00"
"683f010d-7074-425d-9e4a-82a5eeac36be","Vienna Machinery B.V.","Manufacturer of industrial automation equipment, conveyor systems, and material handling machinery. CE marked and EU Machinery Directive compliant. Full installation and maintenance services.","machinery","Austria","Vienna","98 Industriestraße, Vienna, Austria","48.360376","16.246785","[""ISO 9001"", ""ISO 27001"", ""IATF 16949""]","{""ISO 9001"": {""issuing_body"": ""Bureau Veritas"", ""valid_until"": ""2029-09-28""}, ""ISO 27001"": {""issuing_body"": ""T\u00dcV Rheinland"", ""valid_until"": ""2026-04-28""}, ""IATF 16949"": {""issuing_body"": ""Bureau Veritas"", ""valid_until"": ""2027-12-28""}}","16","units/month",62,"https://www.example-supplier-b08fe87f.com","procurement@example-5520686b.com","683f010d-7074-425d-9e4a-82a5eeac36be",True,"2026-05-22 10:49:01.338832+00","2026-05-22 10:49:01.338832+00"
"6d4a5922-cc85-48ee-b9f4-4b407be0044e","Stuttgart Food Ingredients Ltd.","Supplier of food-grade ingredients including flavor enhancers, stabilizers, and preservatives. HACCP certified and fully compliant with EU food law regulations.","food_ingredients","Germany","Stuttgart","192 Industriestraße, Stuttgart, Germany","48.920313","9.32569","[""ISO 9001"", ""ISO 14001""]","{""ISO 9001"": {""issuing_body"": ""DNV"", ""valid_until"": ""2027-03-28""}, ""ISO 14001"": {""issuing_body"": ""DNV"", ""valid_until"": ""2027-09-28""}}","18808","kg/month",52,"https://www.example-supplier-246ec362.com","procurement@example-6fcb6752.com","6d4a5922-cc85-48ee-b9f4-4b407be0044e",True,"2026-05-22 10:49:01.338832+00","2026-05-22 10:49:01.338832+00"
"7700e0d2-cd3d-45e5-8633-3b8c118f2c3f","Stuttgart Construction Materials S.A.","Producer of structural concrete elements, precast components, and thermal insulation materials. CE marked products compliant with EU Construction Products Regulation.","construction_materials","Germany","Stuttgart","171 Industriestraße, Stuttgart, Germany","48.57182","9.373617","[""ISO 9001"", ""REACH"", ""ISO 27001"", ""AS9100""]","{""ISO 9001"": {""issuing_body"": ""Bureau Veritas"", ""valid_until"": ""2026-09-28""}, ""REACH"": {""issuing_body"": ""Lloyd's Register"", ""valid_until"": ""2028-05-28""}, ""ISO 27001"": {""issuing_body"": ""SGS"", ""valid_until"": ""2027-06-28""}, ""AS9100"": {""issuing_body"": ""Lloyd's Register"", ""valid_until"": ""2027-02-28""}}","1746","tons/month",24,"https://www.example-supplier-6f0d4d71.com","procurement@example-7f2d206c.com","7700e0d2-cd3d-45e5-8633-3b8c118f2c3f",True,"2026-05-22 10:49:01.338832+00","2026-05-22 10:49:01.338832+00"
"784e8080-5315-4006-a50d-879bb6afdfad","Prague Electronics B.V.","Distributor and manufacturer of electronic components including PCBs, sensors, and microcontrollers. Serves automotive, industrial automation, and consumer electronics markets.","electronics","Czech Republic","Prague","77 Industriestraße, Prague, Czech Republic","50.255903","14.547822","[""ISO 9001"", ""RoHS"", ""ISO 14001"", ""IATF 16949""]","{""ISO 9001"": {""issuing_body"": ""T\u00dcV Rheinland"", ""valid_until"": ""2027-05-28""}, ""RoHS"": {""issuing_body"": ""T\u00dcV Rheinland"", ""valid_until"": ""2026-12-28""}, ""ISO 14001"": {""issuing_body"": ""Lloyd's Register"", ""valid_until"": ""2027-05-28""}, ""IATF 16949"": {""issuing_body"": ""Bureau Veritas"", ""valid_until"": ""2027-12-28""}}","45942","units/month",33,"https://www.example-supplier-5527b604.com","procurement@example-de67c527.com","784e8080-5315-4006-a50d-879bb6afdfad",True,"2026-05-22 10:49:01.338832+00","2026-05-22 10:49:01.338832+00"
"7b0fb172-c804-4515-9065-44068ab5f43c","Berlin Software Services AG","Provider of enterprise software development, ERP integration, and digital transformation services. ISO 27001 certified information security management with 99.9% SLA.","software_services","Germany","Berlin","116 Industriestraße, Berlin, Germany","52.403818","13.547225","[""ISO 9001"", ""ISO 45001"", ""AS9100"", ""ISO 14001""]","{""ISO 9001"": {""issuing_body"": ""Bureau Veritas"", ""valid_until"": ""2026-07-28""}, ""ISO 45001"": {""issuing_body"": ""T\u00dcV Rheinland"", ""valid_until"": ""2029-09-28""}, ""AS9100"": {""issuing_body"": ""Bureau Veritas"", ""valid_until"": ""2027-07-28""}, ""ISO 14001"": {""issuing_body"": ""T\u00dcV Rheinland"", ""valid_until"": ""2028-04-28""}}","2","projects/month",47,"https://www.example-supplier-0b191f8c.com","procurement@example-719a02a7.com","7b0fb172-c804-4515-9065-44068ab5f43c",True,"2026-05-22 10:49:01.338832+00","2026-05-22 10:49:01.338832+00"
"7b3884c1-bda9-422d-be24-6873f0d1e69c","Lyon Packaging S.A.","Manufacturer of cardboard, corrugated, and sustainable packaging for industrial and consumer goods. Custom design services available with FSC certified paper sourcing.","packaging","France","Lyon","38 Industriestraße, Lyon, France","45.605707","4.68216","[""ISO 9001"", ""ISO 45001"", ""ISO 14001""]","{""ISO 9001"": {""issuing_body"": ""SGS"", ""valid_until"": ""2028-03-28""}, ""ISO 45001"": {""issuing_body"": ""T\u00dcV Rheinland"", ""valid_until"": ""2026-03-28""}, ""ISO 14001"": {""issuing_body"": ""T\u00dcV Rheinland"", ""valid_until"": ""2028-04-28""}}","318728","units/month",48,"https://www.example-supplier-a2f4a0b2.com","procurement@example-9f35fd8f.com","7b3884c1-bda9-422d-be24-6873f0d1e69c",True,"2026-05-22 10:49:01.338832+00","2026-05-22 10:49:01.338832+00"
"7b497246-8067-4f34-9b8e-dc5d02575bc1","Dortmund Electronics B.V.","Distributor and manufacturer of electronic components including PCBs, sensors, and microcontrollers. Serves automotive, industrial automation, and consumer electronics markets.","electronics","Germany","Dortmund","4 Industriestraße, Dortmund, Germany","51.493399","7.667725","[""ISO 27001"", ""ISO 14001"", ""IATF 16949""]","{""ISO 27001"": {""issuing_body"": ""T\u00dcV Rheinland"", ""valid_until"": ""2027-03-28""}, ""ISO 14001"": {""issuing_body"": ""DNV"", ""valid_until"": ""2029-08-28""}, ""IATF 16949"": {""issuing_body"": ""SGS"", ""valid_until"": ""2029-01-28""}}","22579","units/month",55,"https://www.example-supplier-63401dd9.com","procurement@example-356cd8a3.com","7b497246-8067-4f34-9b8e-dc5d02575bc1",True,"2026-05-22 10:49:01.338832+00","2026-05-22 10:49:01.338832+00"
"7bb662e0-a74e-4b2a-9ec5-9cbadd051486","Paris Metals S.A.","Specializes in precision metal components including steel, aluminum, and copper alloys. State-of-the-art CNC machining facility with 20 years of experience in automotive and aerospace.","metals","France","Paris","29 Industriestraße, Paris, France","48.722229","2.380971","[""ISO 9001"", ""ISO 27001"", ""CE"", ""AS9100""]","{""ISO 9001"": {""issuing_body"": ""Bureau Veritas"", ""valid_until"": ""2029-03-28""}, ""ISO 27001"": {""issuing_body"": ""DNV"", ""valid_until"": ""2026-12-28""}, ""CE"": {""issuing_body"": ""Bureau Veritas"", ""valid_until"": ""2027-09-28""}, ""AS9100"": {""issuing_body"": ""T\u00dcV Rheinland"", ""valid_until"": ""2028-11-28""}}","33770","kg/month",84,"https://www.example-supplier-0a10c749.com","procurement@example-d11cb6f0.com","7bb662e0-a74e-4b2a-9ec5-9cbadd051486",True,"2026-05-22 10:49:01.338832+00","2026-05-22 10:49:01.338832+00"
"81d8dd89-8ea1-4dbd-9273-f6d82def3ce3","Vienna Food Ingredients GmbH","Supplier of food-grade ingredients including flavor enhancers, stabilizers, and preservatives. HACCP certified and fully compliant with EU food law regulations.","food_ingredients","Austria","Vienna","73 Industriestraße, Vienna, Austria","48.266079","16.327413","[""ISO 27001"", ""IATF 16949"", ""ISO 22000""]","{""ISO 27001"": {""issuing_body"": ""Lloyd's Register"", ""valid_until"": ""2029-09-28""}, ""IATF 16949"": {""issuing_body"": ""Bureau Veritas"", ""valid_until"": ""2026-04-28""}, ""ISO 22000"": {""issuing_body"": ""DNV"", ""valid_until"": ""2026-01-28""}}","7198","kg/month",45,"https://www.example-supplier-f1f3ddae.com","procurement@example-e5dd8cb1.com","81d8dd89-8ea1-4dbd-9273-f6d82def3ce3",True,"2026-05-22 10:49:01.338832+00","2026-05-22 10:49:01.338832+00"
"82eda191-bf69-45eb-aedb-a73b797c76a2","Warsaw Chemicals AG","Producer of specialty chemicals, solvents, and reagents for industrial and laboratory applications. Full REACH compliance and SDS documentation provided for all products.","chemicals","Poland","Warsaw","133 Industriestraße, Warsaw, Poland","52.426949","21.187836","[""REACH"", ""AS9100"", ""ISO 14001""]","{""REACH"": {""issuing_body"": ""Bureau Veritas"", ""valid_until"": ""2029-11-28""}, ""AS9100"": {""issuing_body"": ""DNV"", ""valid_until"": ""2026-04-28""}, ""ISO 14001"": {""issuing_body"": ""Bureau Veritas"", ""valid_until"": ""2027-05-28""}}","7278","liters/month",69,"https://www.example-supplier-824e30c7.com","procurement@example-8937aad4.com","82eda191-bf69-45eb-aedb-a73b797c76a2",True,"2026-05-22 10:49:01.338832+00","2026-05-22 10:49:01.338832+00"
"89d0ea9c-c1ce-4313-aafd-737921119fca","Duesseldorf Food Ingredients B.V.","Supplier of food-grade ingredients including flavor enhancers, stabilizers, and preservatives. HACCP certified and fully compliant with EU food law regulations.","food_ingredients","Germany","Düsseldorf","50 Industriestraße, Düsseldorf, Germany","51.131467","6.596812","[""ISO 9001"", ""RoHS""]","{""ISO 9001"": {""issuing_body"": ""Bureau Veritas"", ""valid_until"": ""2028-12-28""}, ""RoHS"": {""issuing_body"": ""SGS"", ""valid_until"": ""2027-02-28""}}","5298","kg/month",39,"https://www.example-supplier-dce0aa26.com","procurement@example-17725f8b.com","89d0ea9c-c1ce-4313-aafd-737921119fca",True,"2026-05-22 10:49:01.338832+00","2026-05-22 10:49:01.338832+00"
"89fd4b4f-1884-4487-8fad-6d4dcfbc51e1","Krakow Software Services Ltd.","Provider of enterprise software development, ERP integration, and digital transformation services. ISO 27001 certified information security management with 99.9% SLA.","software_services","Poland","Krakow","50 Industriestraße, Krakow, Poland","50.069288","19.684584","[""ISO 9001"", ""IATF 16949""]","{""ISO 9001"": {""issuing_body"": ""SGS"", ""valid_until"": ""2027-03-28""}, ""IATF 16949"": {""issuing_body"": ""T\u00dcV Rheinland"", ""valid_until"": ""2028-02-28""}}","33","projects/month",76,"https://www.example-supplier-14b077cd.com","procurement@example-5f5e3ee9.com","89fd4b4f-1884-4487-8fad-6d4dcfbc51e1",True,"2026-05-22 10:49:01.338832+00","2026-05-22 10:49:01.338832+00"
"8b0e0745-ac99-49c7-ac2f-bf34b53b3522","Prague Logistics B.V.","Full-service logistics provider offering road, rail, and multimodal freight solutions across Europe. Temperature-controlled and hazardous goods transport available.","logistics","Czech Republic","Prague","115 Industriestraße, Prague, Czech Republic","50.166083","14.701526","[""ISO 9001"", ""RoHS"", ""AS9100""]","{""ISO 9001"": {""issuing_body"": ""SGS"", ""valid_until"": ""2029-08-28""}, ""RoHS"": {""issuing_body"": ""Bureau Veritas"", ""valid_until"": ""2027-11-28""}, ""AS9100"": {""issuing_body"": ""Bureau Veritas"", ""valid_until"": ""2029-11-28""}}","254","shipments/day",42,"https://www.example-supplier-1fed251c.com","procurement@example-b328c4ae.com","8b0e0745-ac99-49c7-ac2f-bf34b53b3522",True,"2026-05-22 10:49:01.338832+00","2026-05-22 10:49:01.338832+00"
"8b444bda-1e28-4c18-bc73-87dba8ff1122","Hamburg Electronics B.V.","Distributor and manufacturer of electronic components including PCBs, sensors, and microcontrollers. Serves automotive, industrial automation, and consumer electronics markets.","electronics","Germany","Hamburg","21 Industriestraße, Hamburg, Germany","53.596601","9.995241","[""ISO 9001"", ""ISO 14001""]","{""ISO 9001"": {""issuing_body"": ""SGS"", ""valid_until"": ""2026-10-28""}, ""ISO 14001"": {""issuing_body"": ""T\u00dcV Rheinland"", ""valid_until"": ""2027-07-28""}}","16713","units/month",79,"https://www.example-supplier-dd6b9005.com","procurement@example-a5551921.com","8b444bda-1e28-4c18-bc73-87dba8ff1122",True,"2026-05-22 10:49:01.338832+00","2026-05-22 10:49:01.338832+00"
"92bb5c8b-88fb-4347-aa71-fb58bc746767","Krakow Machinery AG","Manufacturer of industrial automation equipment, conveyor systems, and material handling machinery. CE marked and EU Machinery Directive compliant. Full installation and maintenance services.","machinery","Poland","Krakow","114 Industriestraße, Krakow, Poland","50.148442","20.125375","[""ISO 9001"", ""ISO 14001"", ""IATF 16949""]","{""ISO 9001"": {""issuing_body"": ""DNV"", ""valid_until"": ""2027-06-28""}, ""ISO 14001"": {""issuing_body"": ""T\u00dcV Rheinland"", ""valid_until"": ""2028-09-28""}, ""IATF 16949"": {""issuing_body"": ""Bureau Veritas"", ""valid_until"": ""2026-07-28""}}","40","units/month",31,"https://www.example-supplier-f61a5c21.com","procurement@example-b121fa53.com","92bb5c8b-88fb-4347-aa71-fb58bc746767",True,"2026-05-22 10:49:01.338832+00","2026-05-22 10:49:01.338832+00"
"99fc65a4-fb6f-48e8-a337-34098fda6bb1","Stuttgart Construction Materials S.A.","Producer of structural concrete elements, precast components, and thermal insulation materials. CE marked products compliant with EU Construction Products Regulation.","construction_materials","Germany","Stuttgart","112 Industriestraße, Stuttgart, Germany","48.660184","9.378651","[""IATF 16949"", ""CE"", ""ISO 14001""]","{""IATF 16949"": {""issuing_body"": ""DNV"", ""valid_until"": ""2029-07-28""}, ""CE"": {""issuing_body"": ""Bureau Veritas"", ""valid_until"": ""2027-08-28""}, ""ISO 14001"": {""issuing_body"": ""DNV"", ""valid_until"": ""2028-09-28""}}","2284","tons/month",17,"https://www.example-supplier-90795f3e.com","procurement@example-8295f07e.com","99fc65a4-fb6f-48e8-a337-34098fda6bb1",True,"2026-05-22 10:49:01.338832+00","2026-05-22 10:49:01.338832+00"
"9ac203de-545f-4704-bf79-bee914a4740d","Lyon Electronics S.A.","Distributor and manufacturer of electronic components including PCBs, sensors, and microcontrollers. Serves automotive, industrial automation, and consumer electronics markets.","electronics","France","Lyon","150 Industriestraße, Lyon, France","45.875172","4.868623","[""ISO 45001"", ""ISO 14001"", ""AS9100""]","{""ISO 45001"": {""issuing_body"": ""Lloyd's Register"", ""valid_until"": ""2027-07-28""}, ""ISO 14001"": {""issuing_body"": ""SGS"", ""valid_until"": ""2026-05-28""}, ""AS9100"": {""issuing_body"": ""Bureau Veritas"", ""valid_until"": ""2026-06-28""}}","28535","units/month",38,"https://www.example-supplier-c799be9c.com","procurement@example-0fdd05ca.com","9ac203de-545f-4704-bf79-bee914a4740d",True,"2026-05-22 10:49:01.338832+00","2026-05-22 10:49:01.338832+00"
"9f19a23a-f386-4265-9aca-e7b469b23f3d","Duesseldorf Metals AG","Specializes in precision metal components including steel, aluminum, and copper alloys. State-of-the-art CNC machining facility with 20 years of experience in automotive and aerospace.","metals","Germany","Düsseldorf","161 Industriestraße, Düsseldorf, Germany","51.490525","6.580704","[""ISO 9001"", ""ISO 27001""]","{""ISO 9001"": {""issuing_body"": ""SGS"", ""valid_until"": ""2029-10-28""}, ""ISO 27001"": {""issuing_body"": ""T\u00dcV Rheinland"", ""valid_until"": ""2029-07-28""}}","39552","kg/month",66,"https://www.example-supplier-6ae146c9.com","procurement@example-760147cd.com","9f19a23a-f386-4265-9aca-e7b469b23f3d",True,"2026-05-22 10:49:01.338832+00","2026-05-22 10:49:01.338832+00"
"a1dc83c6-b0d0-4351-895c-fcad1090d620","Frankfurt Machinery AG","Manufacturer of industrial automation equipment, conveyor systems, and material handling machinery. CE marked and EU Machinery Directive compliant. Full installation and maintenance services.","machinery","Germany","Frankfurt","138 Industriestraße, Frankfurt, Germany","49.865142","8.431944","[""ISO 9001"", ""ISO 27001""]","{""ISO 9001"": {""issuing_body"": ""SGS"", ""valid_until"": ""2029-08-28""}, ""ISO 27001"": {""issuing_body"": ""Bureau Veritas"", ""valid_until"": ""2029-10-28""}}","100","units/month",26,"https://www.example-supplier-621bb13a.com","procurement@example-52a11d33.com","a1dc83c6-b0d0-4351-895c-fcad1090d620",True,"2026-05-22 10:49:01.338832+00","2026-05-22 10:49:01.338832+00"
"a70b691b-40dc-4e83-9603-d94812af925a","Paris Textiles AG","Technical textile manufacturer producing industrial fabrics, filtration media, and protective materials. Custom weaving and finishing to specification with OEKO-TEX certified production.","textiles","France","Paris","78 Industriestraße, Paris, France","48.908919","2.611935","[""ISO 9001"", ""ISO 22000"", ""IATF 16949""]","{""ISO 9001"": {""issuing_body"": ""T\u00dcV Rheinland"", ""valid_until"": ""2027-05-28""}, ""ISO 22000"": {""issuing_body"": ""T\u00dcV Rheinland"", ""valid_until"": ""2026-09-28""}, ""IATF 16949"": {""issuing_body"": ""Bureau Veritas"", ""valid_until"": ""2027-11-28""}}","33170","meters/month",20,"https://www.example-supplier-024a4a5c.com","procurement@example-fc17c5b7.com","a70b691b-40dc-4e83-9603-d94812af925a",True,"2026-05-22 10:49:01.338832+00","2026-05-22 10:49:01.338832+00"
"a9190241-095f-4308-bbbd-fdfe53daa1e7","Lyon Construction Materials AG","Producer of structural concrete elements, precast components, and thermal insulation materials. CE marked products compliant with EU Construction Products Regulation.","construction_materials","France","Lyon","152 Industriestraße, Lyon, France","45.642082","4.90328","[""ISO 9001"", ""RoHS""]","{""ISO 9001"": {""issuing_body"": ""Lloyd's Register"", ""valid_until"": ""2027-03-28""}, ""RoHS"": {""issuing_body"": ""Lloyd's Register"", ""valid_until"": ""2028-10-28""}}","437","tons/month",10,"https://www.example-supplier-3c3ea9ea.com","procurement@example-20699439.com","a9190241-095f-4308-bbbd-fdfe53daa1e7",True,"2026-05-22 10:49:01.338832+00","2026-05-22 10:49:01.338832+00"
"aa05054c-ce34-4b0a-a554-6719f7ee9d6f","Paris Software Services S.A.","Provider of enterprise software development, ERP integration, and digital transformation services. ISO 27001 certified information security management with 99.9% SLA.","software_services","France","Paris","65 Industriestraße, Paris, France","49.011417","2.35632","[""ISO 14001"", ""AS9100""]","{""ISO 14001"": {""issuing_body"": ""T\u00dcV Rheinland"", ""valid_until"": ""2028-02-28""}, ""AS9100"": {""issuing_body"": ""Bureau Veritas"", ""valid_until"": ""2027-12-28""}}","43","projects/month",87,"https://www.example-supplier-88f808c7.com","procurement@example-259be409.com","aa05054c-ce34-4b0a-a554-6719f7ee9d6f",True,"2026-05-22 10:49:01.338832+00","2026-05-22 10:49:01.338832+00"
"ad147739-bf60-4304-9b49-02586fb9cbdf","Dortmund Textiles Ltd.","Technical textile manufacturer producing industrial fabrics, filtration media, and protective materials. Custom weaving and finishing to specification with OEKO-TEX certified production.","textiles","Germany","Dortmund","84 Industriestraße, Dortmund, Germany","51.719887","7.326848","[""ISO 9001"", ""AS9100"", ""IATF 16949"", ""ISO 14001""]","{""ISO 9001"": {""issuing_body"": ""SGS"", ""valid_until"": ""2029-04-28""}, ""AS9100"": {""issuing_body"": ""Bureau Veritas"", ""valid_until"": ""2028-06-28""}, ""IATF 16949"": {""issuing_body"": ""Bureau Veritas"", ""valid_until"": ""2028-09-28""}, ""ISO 14001"": {""issuing_body"": ""T\u00dcV Rheinland"", ""valid_until"": ""2027-02-28""}}","16817","meters/month",59,"https://www.example-supplier-9219e577.com","procurement@example-c87a9835.com","ad147739-bf60-4304-9b49-02586fb9cbdf",True,"2026-05-22 10:49:01.338832+00","2026-05-22 10:49:01.338832+00"
"ad47c787-e8b7-4bd0-9bb4-7cfb280c129d","Warsaw Textiles S.A.","Technical textile manufacturer producing industrial fabrics, filtration media, and protective materials. Custom weaving and finishing to specification with OEKO-TEX certified production.","textiles","Poland","Warsaw","176 Industriestraße, Warsaw, Poland","52.468333","20.849135","[""ISO 9001"", ""ISO 22000"", ""ISO 27001"", ""IATF 16949""]","{""ISO 9001"": {""issuing_body"": ""Lloyd's Register"", ""valid_until"": ""2026-10-28""}, ""ISO 22000"": {""issuing_body"": ""T\u00dcV Rheinland"", ""valid_until"": ""2028-09-28""}, ""ISO 27001"": {""issuing_body"": ""DNV"", ""valid_until"": ""2028-02-28""}, ""IATF 16949"": {""issuing_body"": ""Lloyd's Register"", ""valid_until"": ""2028-01-28""}}","28528","meters/month",69,"https://www.example-supplier-b810bd83.com","procurement@example-1ee1b8ef.com","ad47c787-e8b7-4bd0-9bb4-7cfb280c129d",True,"2026-05-22 10:49:01.338832+00","2026-05-22 10:49:01.338832+00"
"adc56d71-779c-40b4-9049-e9421b5ada25","Prague Food Ingredients B.V.","Supplier of food-grade ingredients including flavor enhancers, stabilizers, and preservatives. HACCP certified and fully compliant with EU food law regulations.","food_ingredients","Czech Republic","Prague","19 Industriestraße, Prague, Czech Republic","49.842141","14.406561","[""ISO 9001"", ""ISO 14001"", ""IATF 16949""]","{""ISO 9001"": {""issuing_body"": ""Bureau Veritas"", ""valid_until"": ""2029-08-28""}, ""ISO 14001"": {""issuing_body"": ""T\u00dcV Rheinland"", ""valid_until"": ""2026-06-28""}, ""IATF 16949"": {""issuing_body"": ""Bureau Veritas"", ""valid_until"": ""2026-11-28""}}","3458","kg/month",85,"https://www.example-supplier-18cb9058.com","procurement@example-b1a0aca4.com","adc56d71-779c-40b4-9049-e9421b5ada25",True,"2026-05-22 10:49:01.338832+00","2026-05-22 10:49:01.338832+00"
"b12d671f-f694-4387-8eb0-48b0660e3f73","Krakow Chemicals AG","Producer of specialty chemicals, solvents, and reagents for industrial and laboratory applications. Full REACH compliance and SDS documentation provided for all products.","chemicals","Poland","Krakow","68 Industriestraße, Krakow, Poland","49.9595","20.01042","[""ISO 9001"", ""ISO 27001"", ""ISO 22000"", ""IATF 16949""]","{""ISO 9001"": {""issuing_body"": ""T\u00dcV Rheinland"", ""valid_until"": ""2027-04-28""}, ""ISO 27001"": {""issuing_body"": ""SGS"", ""valid_until"": ""2026-03-28""}, ""ISO 22000"": {""issuing_body"": ""T\u00dcV Rheinland"", ""valid_until"": ""2029-08-28""}, ""IATF 16949"": {""issuing_body"": ""Lloyd's Register"", ""valid_until"": ""2029-05-28""}}","634","liters/month",36,"https://www.example-supplier-616343fe.com","procurement@example-236d9dc4.com","b12d671f-f694-4387-8eb0-48b0660e3f73",True,"2026-05-22 10:49:01.338832+00","2026-05-22 10:49:01.338832+00"
"b951915b-64f8-4d8c-93e6-b508f687c142","Duesseldorf Chemicals GmbH","Producer of specialty chemicals, solvents, and reagents for industrial and laboratory applications. Full REACH compliance and SDS documentation provided for all products.","chemicals","Germany","Düsseldorf","71 Industriestraße, Düsseldorf, Germany","51.198341","6.584115","[""RoHS"", ""ISO 45001"", ""AS9100""]","{""RoHS"": {""issuing_body"": ""DNV"", ""valid_until"": ""2028-09-28""}, ""ISO 45001"": {""issuing_body"": ""Bureau Veritas"", ""valid_until"": ""2026-05-28""}, ""AS9100"": {""issuing_body"": ""Bureau Veritas"", ""valid_until"": ""2029-03-28""}}","7416","liters/month",75,"https://www.example-supplier-e220b9ad.com","procurement@example-80e84329.com","b951915b-64f8-4d8c-93e6-b508f687c142",True,"2026-05-22 10:49:01.338832+00","2026-05-22 10:49:01.338832+00"
"bba34b9e-bfa4-41b1-9692-e1858db65b5b","Berlin Metals Ltd.","Specializes in precision metal components including steel, aluminum, and copper alloys. State-of-the-art CNC machining facility with 20 years of experience in automotive and aerospace.","metals","Germany","Berlin","9 Industriestraße, Berlin, Germany","52.263249","13.283394","[""ISO 27001"", ""RoHS"", ""CE""]","{""ISO 27001"": {""issuing_body"": ""T\u00dcV Rheinland"", ""valid_until"": ""2026-04-28""}, ""RoHS"": {""issuing_body"": ""SGS"", ""valid_until"": ""2026-09-28""}, ""CE"": {""issuing_body"": ""SGS"", ""valid_until"": ""2029-04-28""}}","29939","kg/month",82,"https://www.example-supplier-796ea31a.com","procurement@example-ff15e01c.com","bba34b9e-bfa4-41b1-9692-e1858db65b5b",True,"2026-05-22 10:49:01.338832+00","2026-05-22 10:49:01.338832+00"
"be8321a4-22ba-4c10-b92c-96ecc783af5b","Prague Machinery AG","Manufacturer of industrial automation equipment, conveyor systems, and material handling machinery. CE marked and EU Machinery Directive compliant. Full installation and maintenance services.","machinery","Czech Republic","Prague","121 Industriestraße, Prague, Czech Republic","50.004465","14.572401","[""ISO 9001"", ""IATF 16949"", ""ISO 27001""]","{""ISO 9001"": {""issuing_body"": ""T\u00dcV Rheinland"", ""valid_until"": ""2028-10-28""}, ""IATF 16949"": {""issuing_body"": ""SGS"", ""valid_until"": ""2026-11-28""}, ""ISO 27001"": {""issuing_body"": ""DNV"", ""valid_until"": ""2028-11-28""}}","57","units/month",21,"https://www.example-supplier-1aece8e5.com","procurement@example-b3e19587.com","be8321a4-22ba-4c10-b92c-96ecc783af5b",True,"2026-05-22 10:49:01.338832+00","2026-05-22 10:49:01.338832+00"
"c2f971fb-efe9-4817-873c-3200c1ca156e","Brussels Chemicals B.V.","Producer of specialty chemicals, solvents, and reagents for industrial and laboratory applications. Full REACH compliance and SDS documentation provided for all products.","chemicals","Belgium","Brussels","139 Industriestraße, Brussels, Belgium","51.077972","4.31881","[""ISO 9001"", ""AS9100"", ""CE""]","{""ISO 9001"": {""issuing_body"": ""DNV"", ""valid_until"": ""2029-02-28""}, ""AS9100"": {""issuing_body"": ""Lloyd's Register"", ""valid_until"": ""2026-07-28""}, ""CE"": {""issuing_body"": ""Bureau Veritas"", ""valid_until"": ""2028-01-28""}}","1596","liters/month",36,"https://www.example-supplier-80cbe636.com","procurement@example-a5693a2e.com","c2f971fb-efe9-4817-873c-3200c1ca156e",True,"2026-05-22 10:49:01.338832+00","2026-05-22 10:49:01.338832+00"
"c6726e30-2d13-4258-b5c9-37ed5961ee2a","Bremen Textiles S.A.","Technical textile manufacturer producing industrial fabrics, filtration media, and protective materials. Custom weaving and finishing to specification with OEKO-TEX certified production.","textiles","Germany","Bremen","123 Industriestraße, Bremen, Germany","53.119335","8.785158","[""ISO 9001"", ""ISO 14001""]","{""ISO 9001"": {""issuing_body"": ""T\u00dcV Rheinland"", ""valid_until"": ""2026-07-28""}, ""ISO 14001"": {""issuing_body"": ""DNV"", ""valid_until"": ""2026-10-28""}}","42251","meters/month",13,"https://www.example-supplier-00c5dba2.com","procurement@example-97d820bf.com","c6726e30-2d13-4258-b5c9-37ed5961ee2a",True,"2026-05-22 10:49:01.338832+00","2026-05-22 10:49:01.338832+00"
"c9faf901-a1c2-4a44-bfec-aca7a8a0f28f","Hamburg Chemicals GmbH","Producer of specialty chemicals, solvents, and reagents for industrial and laboratory applications. Full REACH compliance and SDS documentation provided for all products.","chemicals","Germany","Hamburg","135 Industriestraße, Hamburg, Germany","53.349071","10.245242","[""ISO 9001"", ""REACH""]","{""ISO 9001"": {""issuing_body"": ""DNV"", ""valid_until"": ""2026-12-28""}, ""REACH"": {""issuing_body"": ""SGS"", ""valid_until"": ""2029-11-28""}}","2629","liters/month",16,"https://www.example-supplier-4f54d245.com","procurement@example-732d1dc6.com","c9faf901-a1c2-4a44-bfec-aca7a8a0f28f",True,"2026-05-22 10:49:01.338832+00","2026-05-22 10:49:01.338832+00"
"ccf09f30-333d-4a93-b8e3-0e279214b232","Vienna Chemicals AG","Producer of specialty chemicals, solvents, and reagents for industrial and laboratory applications. Full REACH compliance and SDS documentation provided for all products.","chemicals","Austria","Vienna","147 Industriestraße, Vienna, Austria","48.124483","16.401863","[""ISO 9001"", ""IATF 16949"", ""ISO 22000""]","{""ISO 9001"": {""issuing_body"": ""DNV"", ""valid_until"": ""2027-07-28""}, ""IATF 16949"": {""issuing_body"": ""T\u00dcV Rheinland"", ""valid_until"": ""2028-12-28""}, ""ISO 22000"": {""issuing_body"": ""DNV"", ""valid_until"": ""2029-07-28""}}","2592","liters/month",70,"https://www.example-supplier-91c0b0be.com","procurement@example-11846ed2.com","ccf09f30-333d-4a93-b8e3-0e279214b232",True,"2026-05-22 10:49:01.338832+00","2026-05-22 10:49:01.338832+00"
"cdba8421-08ff-4c9b-861d-1c53173c9027","Cologne Packaging GmbH","Manufacturer of cardboard, corrugated, and sustainable packaging for industrial and consumer goods. Custom design services available with FSC certified paper sourcing.","packaging","Germany","Cologne","192 Industriestraße, Cologne, Germany","51.133226","6.985849","[""ISO 9001"", ""ISO 14001""]","{""ISO 9001"": {""issuing_body"": ""Lloyd's Register"", ""valid_until"": ""2027-07-28""}, ""ISO 14001"": {""issuing_body"": ""DNV"", ""valid_until"": ""2029-06-28""}}","92527","units/month",54,"https://www.example-supplier-0384180f.com","procurement@example-70d5ef75.com","cdba8421-08ff-4c9b-861d-1c53173c9027",True,"2026-05-22 10:49:01.338832+00","2026-05-22 10:49:01.338832+00"
"cee0f212-fb28-44b3-a974-e9162bc2caa7","Munich Construction Materials B.V.","Producer of structural concrete elements, precast components, and thermal insulation materials. CE marked products compliant with EU Construction Products Regulation.","construction_materials","Germany","Munich","15 Industriestraße, Munich, Germany","48.108059","11.679356","[""ISO 9001"", ""ISO 45001"", ""RoHS"", ""ISO 22000""]","{""ISO 9001"": {""issuing_body"": ""T\u00dcV Rheinland"", ""valid_until"": ""2027-05-28""}, ""ISO 45001"": {""issuing_body"": ""SGS"", ""valid_until"": ""2027-06-28""}, ""RoHS"": {""issuing_body"": ""SGS"", ""valid_until"": ""2028-09-28""}, ""ISO 22000"": {""issuing_body"": ""Bureau Veritas"", ""valid_until"": ""2026-05-28""}}","1708","tons/month",88,"https://www.example-supplier-9538021d.com","procurement@example-3865fa3f.com","cee0f212-fb28-44b3-a974-e9162bc2caa7",True,"2026-05-22 10:49:01.338832+00","2026-05-22 10:49:01.338832+00"
"d1ede31e-5cf4-4530-ab7e-fd1c8fd764cd","Krakow Packaging S.A.","Manufacturer of cardboard, corrugated, and sustainable packaging for industrial and consumer goods. Custom design services available with FSC certified paper sourcing.","packaging","Poland","Krakow","156 Industriestraße, Krakow, Poland","50.165293","19.93974","[""ISO 9001"", ""ISO 27001""]","{""ISO 9001"": {""issuing_body"": ""SGS"", ""valid_until"": ""2026-03-28""}, ""ISO 27001"": {""issuing_body"": ""Bureau Veritas"", ""valid_until"": ""2028-07-28""}}","323205","units/month",74,"https://www.example-supplier-621a49fd.com","procurement@example-6ba9e4ac.com","d1ede31e-5cf4-4530-ab7e-fd1c8fd764cd",True,"2026-05-22 10:49:01.338832+00","2026-05-22 10:49:01.338832+00"
"d2857430-4c7c-435f-a498-94acd47ec8c7","Amsterdam Textiles AG","Technical textile manufacturer producing industrial fabrics, filtration media, and protective materials. Custom weaving and finishing to specification with OEKO-TEX certified production.","textiles","Netherlands","Amsterdam","81 Industriestraße, Amsterdam, Netherlands","52.287498","4.879097","[""ISO 9001"", ""ISO 27001""]","{""ISO 9001"": {""issuing_body"": ""T\u00dcV Rheinland"", ""valid_until"": ""2027-04-28""}, ""ISO 27001"": {""issuing_body"": ""SGS"", ""valid_until"": ""2029-05-28""}}","48486","meters/month",82,"https://www.example-supplier-74d21b8c.com","procurement@example-1142f839.com","d2857430-4c7c-435f-a498-94acd47ec8c7",True,"2026-05-22 10:49:01.338832+00","2026-05-22 10:49:01.338832+00"
"d4a8a6c7-048d-42ee-964c-1ef6c0fad060","Warsaw Metals Ltd.","Specializes in precision metal components including steel, aluminum, and copper alloys. State-of-the-art CNC machining facility with 20 years of experience in automotive and aerospace.","metals","Poland","Warsaw","102 Industriestraße, Warsaw, Poland","52.104155","20.855975","[""ISO 9001"", ""IATF 16949"", ""ISO 22000"", ""RoHS""]","{""ISO 9001"": {""issuing_body"": ""DNV"", ""valid_until"": ""2027-05-28""}, ""IATF 16949"": {""issuing_body"": ""SGS"", ""valid_until"": ""2027-12-28""}, ""ISO 22000"": {""issuing_body"": ""Lloyd's Register"", ""valid_until"": ""2028-12-28""}, ""RoHS"": {""issuing_body"": ""Lloyd's Register"", ""valid_until"": ""2029-10-28""}}","26675","kg/month",53,"https://www.example-supplier-9cd92184.com","procurement@example-d4d465b1.com","d4a8a6c7-048d-42ee-964c-1ef6c0fad060",True,"2026-05-22 10:49:01.338832+00","2026-05-22 10:49:01.338832+00"
"d67f83c7-0a34-4248-a5dd-873e4c81051e","Warsaw Software Services S.A.","Provider of enterprise software development, ERP integration, and digital transformation services. ISO 27001 certified information security management with 99.9% SLA.","software_services","Poland","Warsaw","14 Industriestraße, Warsaw, Poland","52.231271","20.968233","[""ISO 45001""]","{""ISO 45001"": {""issuing_body"": ""DNV"", ""valid_until"": ""2028-09-28""}}","7","projects/month",73,"https://www.example-supplier-81eb2fbb.com","procurement@example-5df7b893.com","d67f83c7-0a34-4248-a5dd-873e4c81051e",True,"2026-05-22 10:49:01.338832+00","2026-05-22 10:49:01.338832+00"
"d72bfeaf-030c-4a96-8b84-68c0d6e31dfd","Berlin Machinery GmbH","Manufacturer of industrial automation equipment, conveyor systems, and material handling machinery. CE marked and EU Machinery Directive compliant. Full installation and maintenance services.","machinery","Germany","Berlin","12 Industriestraße, Berlin, Germany","52.66074","13.515211","[""CE""]","{""CE"": {""issuing_body"": ""Bureau Veritas"", ""valid_until"": ""2026-05-28""}}","50","units/month",54,"https://www.example-supplier-a8ff1ac6.com","procurement@example-fe95456e.com","d72bfeaf-030c-4a96-8b84-68c0d6e31dfd",True,"2026-05-22 10:49:01.338832+00","2026-05-22 10:49:01.338832+00"
"d9adce9e-a8f4-448f-bd14-f89ed7480b93","Hannover Packaging AG","Manufacturer of cardboard, corrugated, and sustainable packaging for industrial and consumer goods. Custom design services available with FSC certified paper sourcing.","packaging","Germany","Hannover","41 Industriestraße, Hannover, Germany","52.495682","9.881641","[""ISO 9001"", ""ISO 14001""]","{""ISO 9001"": {""issuing_body"": ""Lloyd's Register"", ""valid_until"": ""2026-11-28""}, ""ISO 14001"": {""issuing_body"": ""T\u00dcV Rheinland"", ""valid_until"": ""2028-08-28""}}","357046","units/month",61,"https://www.example-supplier-4ab19bc2.com","procurement@example-e0cf4c4a.com","d9adce9e-a8f4-448f-bd14-f89ed7480b93",True,"2026-05-22 10:49:01.338832+00","2026-05-22 10:49:01.338832+00"
"daf3bbc3-d8c8-4e7f-ba4c-f1a2aac28652","Frankfurt Textiles B.V.","Technical textile manufacturer producing industrial fabrics, filtration media, and protective materials. Custom weaving and finishing to specification with OEKO-TEX certified production.","textiles","Germany","Frankfurt","196 Industriestraße, Frankfurt, Germany","49.921277","8.716067","[""ISO 9001"", ""ISO 27001""]","{""ISO 9001"": {""issuing_body"": ""DNV"", ""valid_until"": ""2027-09-28""}, ""ISO 27001"": {""issuing_body"": ""DNV"", ""valid_until"": ""2029-08-28""}}","20487","meters/month",82,"https://www.example-supplier-1508e282.com","procurement@example-7cfc3790.com","daf3bbc3-d8c8-4e7f-ba4c-f1a2aac28652",True,"2026-05-22 10:49:01.338832+00","2026-05-22 10:49:01.338832+00"
"dd59e57d-0ec7-43b3-8b36-42baa6402357","Berlin Software Services S.A.","Provider of enterprise software development, ERP integration, and digital transformation services. ISO 27001 certified information security management with 99.9% SLA.","software_services","Germany","Berlin","121 Industriestraße, Berlin, Germany","52.703339","13.48606","[""ISO 9001"", ""ISO 14001""]","{""ISO 9001"": {""issuing_body"": ""SGS"", ""valid_until"": ""2029-08-28""}, ""ISO 14001"": {""issuing_body"": ""Lloyd's Register"", ""valid_until"": ""2026-02-28""}}","2","projects/month",39,"https://www.example-supplier-d3412189.com","procurement@example-5a6d9477.com","dd59e57d-0ec7-43b3-8b36-42baa6402357",True,"2026-05-22 10:49:01.338832+00","2026-05-22 10:49:01.338832+00"
"dd789599-1457-44fa-84a6-d271b0bd8c80","Vienna Logistics Ltd.","Full-service logistics provider offering road, rail, and multimodal freight solutions across Europe. Temperature-controlled and hazardous goods transport available.","logistics","Austria","Vienna","63 Industriestraße, Vienna, Austria","48.268348","16.518929","[""ISO 9001"", ""ISO 22000"", ""AS9100"", ""RoHS""]","{""ISO 9001"": {""issuing_body"": ""SGS"", ""valid_until"": ""2026-02-28""}, ""ISO 22000"": {""issuing_body"": ""DNV"", ""valid_until"": ""2027-03-28""}, ""AS9100"": {""issuing_body"": ""Lloyd's Register"", ""valid_until"": ""2029-01-28""}, ""RoHS"": {""issuing_body"": ""Lloyd's Register"", ""valid_until"": ""2027-02-28""}}","477","shipments/day",24,"https://www.example-supplier-66f6599f.com","procurement@example-fd595a25.com","dd789599-1457-44fa-84a6-d271b0bd8c80",True,"2026-05-22 10:49:01.338832+00","2026-05-22 10:49:01.338832+00"
"dedd49e0-8a2d-4ed7-bbeb-1a9c3c23d6b7","Hamburg Construction Materials S.A.","Producer of structural concrete elements, precast components, and thermal insulation materials. CE marked products compliant with EU Construction Products Regulation.","construction_materials","Germany","Hamburg","132 Industriestraße, Hamburg, Germany","53.439447","9.747109","[""IATF 16949""]","{""IATF 16949"": {""issuing_body"": ""DNV"", ""valid_until"": ""2029-05-28""}}","399","tons/month",89,"https://www.example-supplier-c424c9f8.com","procurement@example-081849b6.com","dedd49e0-8a2d-4ed7-bbeb-1a9c3c23d6b7",True,"2026-05-22 10:49:01.338832+00","2026-05-22 10:49:01.338832+00"
"e1b6df47-c58b-4925-a88b-41f00ce03654","Berlin Textiles AG","Technical textile manufacturer producing industrial fabrics, filtration media, and protective materials. Custom weaving and finishing to specification with OEKO-TEX certified production.","textiles","Germany","Berlin","188 Industriestraße, Berlin, Germany","52.484067","13.330507","[""ISO 9001"", ""ISO 45001"", ""AS9100""]","{""ISO 9001"": {""issuing_body"": ""Lloyd's Register"", ""valid_until"": ""2028-10-28""}, ""ISO 45001"": {""issuing_body"": ""Lloyd's Register"", ""valid_until"": ""2029-08-28""}, ""AS9100"": {""issuing_body"": ""DNV"", ""valid_until"": ""2028-06-28""}}","17088","meters/month",18,"https://www.example-supplier-118fcc3b.com","procurement@example-01664b79.com","e1b6df47-c58b-4925-a88b-41f00ce03654",True,"2026-05-22 10:49:01.338832+00","2026-05-22 10:49:01.338832+00"
"e26fbbf0-a63d-4fa3-a584-1a6d109fb46c","Bremen Electronics AG","Distributor and manufacturer of electronic components including PCBs, sensors, and microcontrollers. Serves automotive, industrial automation, and consumer electronics markets.","electronics","Germany","Bremen","130 Industriestraße, Bremen, Germany","53.056752","9.071135","[""ISO 9001"", ""RoHS""]","{""ISO 9001"": {""issuing_body"": ""Bureau Veritas"", ""valid_until"": ""2027-06-28""}, ""RoHS"": {""issuing_body"": ""T\u00dcV Rheinland"", ""valid_until"": ""2027-06-28""}}","38353","units/month",27,"https://www.example-supplier-abecc5fd.com","procurement@example-00c553b1.com","e26fbbf0-a63d-4fa3-a584-1a6d109fb46c",True,"2026-05-22 10:49:01.338832+00","2026-05-22 10:49:01.338832+00"
"e32b1919-1652-44ed-9f94-30eafb3704a2","Duesseldorf Machinery Ltd.","Manufacturer of industrial automation equipment, conveyor systems, and material handling machinery. CE marked and EU Machinery Directive compliant. Full installation and maintenance services.","machinery","Germany","Düsseldorf","71 Industriestraße, Düsseldorf, Germany","51.157573","6.699962","[""ISO 9001"", ""CE"", ""ISO 14001"", ""AS9100""]","{""ISO 9001"": {""issuing_body"": ""T\u00dcV Rheinland"", ""valid_until"": ""2026-10-28""}, ""CE"": {""issuing_body"": ""DNV"", ""valid_until"": ""2028-04-28""}, ""ISO 14001"": {""issuing_body"": ""Lloyd's Register"", ""valid_until"": ""2028-04-28""}, ""AS9100"": {""issuing_body"": ""SGS"", ""valid_until"": ""2028-11-28""}}","97","units/month",24,"https://www.example-supplier-627c404e.com","procurement@example-0b417215.com","e32b1919-1652-44ed-9f94-30eafb3704a2",True,"2026-05-22 10:49:01.338832+00","2026-05-22 10:49:01.338832+00"
"e95a8d65-c251-4e0b-993e-4ed7dbe8964c","Dortmund Metals AG","Specializes in precision metal components including steel, aluminum, and copper alloys. State-of-the-art CNC machining facility with 20 years of experience in automotive and aerospace.","metals","Germany","Dortmund","56 Industriestraße, Dortmund, Germany","51.68086","7.198543","[""ISO 9001"", ""AS9100"", ""IATF 16949"", ""ISO 45001""]","{""ISO 9001"": {""issuing_body"": ""Bureau Veritas"", ""valid_until"": ""2026-02-28""}, ""AS9100"": {""issuing_body"": ""DNV"", ""valid_until"": ""2026-06-28""}, ""IATF 16949"": {""issuing_body"": ""Bureau Veritas"", ""valid_until"": ""2028-01-28""}, ""ISO 45001"": {""issuing_body"": ""DNV"", ""valid_until"": ""2026-07-28""}}","5664","kg/month",77,"https://www.example-supplier-55ad27b5.com","procurement@example-bd57033a.com","e95a8d65-c251-4e0b-993e-4ed7dbe8964c",True,"2026-05-22 10:49:01.338832+00","2026-05-22 10:49:01.338832+00"
"ef6c83c9-f556-4f0f-87a4-8ea8346bf9df","Cologne Machinery Ltd.","Manufacturer of industrial automation equipment, conveyor systems, and material handling machinery. CE marked and EU Machinery Directive compliant. Full installation and maintenance services.","machinery","Germany","Cologne","20 Industriestraße, Cologne, Germany","50.801932","7.125508","[""ISO 9001"", ""IATF 16949"", ""ISO 27001""]","{""ISO 9001"": {""issuing_body"": ""SGS"", ""valid_until"": ""2027-11-28""}, ""IATF 16949"": {""issuing_body"": ""DNV"", ""valid_until"": ""2028-02-28""}, ""ISO 27001"": {""issuing_body"": ""DNV"", ""valid_until"": ""2026-05-28""}}","73","units/month",22,"https://www.example-supplier-82830409.com","procurement@example-e8ff997b.com","ef6c83c9-f556-4f0f-87a4-8ea8346bf9df",True,"2026-05-22 10:49:01.338832+00","2026-05-22 10:49:01.338832+00"
"f1696ae7-2954-45a3-8cf3-0ec927a3a331","Bremen Electronics B.V.","Distributor and manufacturer of electronic components including PCBs, sensors, and microcontrollers. Serves automotive, industrial automation, and consumer electronics markets.","electronics","Germany","Bremen","170 Industriestraße, Bremen, Germany","53.341629","8.674783","[""ISO 9001"", ""CE"", ""AS9100""]","{""ISO 9001"": {""issuing_body"": ""DNV"", ""valid_until"": ""2027-04-28""}, ""CE"": {""issuing_body"": ""Bureau Veritas"", ""valid_until"": ""2027-01-28""}, ""AS9100"": {""issuing_body"": ""Lloyd's Register"", ""valid_until"": ""2026-12-28""}}","42104","units/month",14,"https://www.example-supplier-3d73a684.com","procurement@example-1a9cb53b.com","f1696ae7-2954-45a3-8cf3-0ec927a3a331",True,"2026-05-22 10:49:01.338832+00","2026-05-22 10:49:01.338832+00"
"f3e175a3-1215-4b50-aee0-f93bbd3360d7","Prague Logistics AG","Full-service logistics provider offering road, rail, and multimodal freight solutions across Europe. Temperature-controlled and hazardous goods transport available.","logistics","Czech Republic","Prague","39 Industriestraße, Prague, Czech Republic","49.847113","14.321977","[""ISO 9001"", ""RoHS"", ""ISO 27001""]","{""ISO 9001"": {""issuing_body"": ""SGS"", ""valid_until"": ""2029-12-28""}, ""RoHS"": {""issuing_body"": ""SGS"", ""valid_until"": ""2027-02-28""}, ""ISO 27001"": {""issuing_body"": ""DNV"", ""valid_until"": ""2029-06-28""}}","565","shipments/day",66,"https://www.example-supplier-efb10633.com","procurement@example-4568b655.com","f3e175a3-1215-4b50-aee0-f93bbd3360d7",True,"2026-05-22 10:49:01.338832+00","2026-05-22 10:49:01.338832+00"
"f477ad7d-a786-422b-8788-a142831f9a00","Prague Machinery GmbH","Manufacturer of industrial automation equipment, conveyor systems, and material handling machinery. CE marked and EU Machinery Directive compliant. Full installation and maintenance services.","machinery","Czech Republic","Prague","114 Industriestraße, Prague, Czech Republic","50.150043","14.415946","[""ISO 9001"", ""CE"", ""ISO 45001""]","{""ISO 9001"": {""issuing_body"": ""Bureau Veritas"", ""valid_until"": ""2028-11-28""}, ""CE"": {""issuing_body"": ""DNV"", ""valid_until"": ""2028-08-28""}, ""ISO 45001"": {""issuing_body"": ""Bureau Veritas"", ""valid_until"": ""2027-07-28""}}","66","units/month",20,"https://www.example-supplier-8667ee69.com","procurement@example-258cfe65.com","f477ad7d-a786-422b-8788-a142831f9a00",True,"2026-05-22 10:49:01.338832+00","2026-05-22 10:49:01.338832+00"
"f648e34a-f875-42e8-b12d-33a4fea8f8b0","Dortmund Electronics Ltd.","Distributor and manufacturer of electronic components including PCBs, sensors, and microcontrollers. Serves automotive, industrial automation, and consumer electronics markets.","electronics","Germany","Dortmund","71 Industriestraße, Dortmund, Germany","51.516524","7.330771","[""ISO 9001"", ""ISO 27001""]","{""ISO 9001"": {""issuing_body"": ""T\u00dcV Rheinland"", ""valid_until"": ""2026-06-28""}, ""ISO 27001"": {""issuing_body"": ""SGS"", ""valid_until"": ""2028-03-28""}}","98154","units/month",63,"https://www.example-supplier-53b3ce64.com","procurement@example-6eaa97c6.com","f648e34a-f875-42e8-b12d-33a4fea8f8b0",True,"2026-05-22 10:49:01.338832+00","2026-05-22 10:49:01.338832+00"
"f8bf516d-7639-49bc-baf3-668b470ca97d","Munich Food Ingredients B.V.","Supplier of food-grade ingredients including flavor enhancers, stabilizers, and preservatives. HACCP certified and fully compliant with EU food law regulations.","food_ingredients","Germany","Munich","110 Industriestraße, Munich, Germany","48.079463","11.712833","[""ISO 9001"", ""ISO 27001"", ""IATF 16949""]","{""ISO 9001"": {""issuing_body"": ""Lloyd's Register"", ""valid_until"": ""2029-12-28""}, ""ISO 27001"": {""issuing_body"": ""DNV"", ""valid_until"": ""2028-02-28""}, ""IATF 16949"": {""issuing_body"": ""DNV"", ""valid_until"": ""2026-06-28""}}","6131","kg/month",86,"https://www.example-supplier-756a16d4.com","procurement@example-ac048b8c.com","f8bf516d-7639-49bc-baf3-668b470ca97d",True,"2026-05-22 10:49:01.338832+00","2026-05-22 10:49:01.338832+00"
"fc24e6ef-2c7b-4df4-bc0e-d00481e69d61","Hamburg Construction Materials B.V.","Producer of structural concrete elements, precast components, and thermal insulation materials. CE marked products compliant with EU Construction Products Regulation.","construction_materials","Germany","Hamburg","174 Industriestraße, Hamburg, Germany","53.321393","10.068031","[""ISO 9001"", ""ISO 45001"", ""ISO 14001"", ""ISO 27001""]","{""ISO 9001"": {""issuing_body"": ""DNV"", ""valid_until"": ""2026-03-28""}, ""ISO 45001"": {""issuing_body"": ""T\u00dcV Rheinland"", ""valid_until"": ""2027-11-28""}, ""ISO 14001"": {""issuing_body"": ""Bureau Veritas"", ""valid_until"": ""2028-07-28""}, ""ISO 27001"": {""issuing_body"": ""Lloyd's Register"", ""valid_until"": ""2026-10-28""}}","1356","tons/month",64,"https://www.example-supplier-36dbdc39.com","procurement@example-141ea7ac.com","fc24e6ef-2c7b-4df4-bc0e-d00481e69d61",True,"2026-05-22 10:49:01.338832+00","2026-05-22 10:49:01.338832+00"
"fd3498de-43a5-4270-a181-380f826233fa","Munich Metals Ltd.","Specializes in precision metal components including steel, aluminum, and copper alloys. State-of-the-art CNC machining facility with 20 years of experience in automotive and aerospace.","metals","Germany","Munich","70 Industriestraße, Munich, Germany","48.19409","11.404237","[""ISO 9001"", ""REACH""]","{""ISO 9001"": {""issuing_body"": ""Lloyd's Register"", ""valid_until"": ""2027-11-28""}, ""REACH"": {""issuing_body"": ""Bureau Veritas"", ""valid_until"": ""2026-04-28""}}","2603","kg/month",47,"https://www.example-supplier-f3421454.com","procurement@example-84746ff1.com","fd3498de-43a5-4270-a181-380f826233fa",True,"2026-05-22 10:49:01.338832+00","2026-05-22 10:49:01.338832+00"
"febbaf95-7bf8-4b37-95f5-388d2c13fd49","Krakow Logistics Ltd.","Full-service logistics provider offering road, rail, and multimodal freight solutions across Europe. Temperature-controlled and hazardous goods transport available.","logistics","Poland","Krakow","1 Industriestraße, Krakow, Poland","50.12211","19.951175","[""ISO 9001"", ""ISO 22000"", ""CE"", ""ISO 14001""]","{""ISO 9001"": {""issuing_body"": ""Lloyd's Register"", ""valid_until"": ""2027-06-28""}, ""ISO 22000"": {""issuing_body"": ""DNV"", ""valid_until"": ""2026-11-28""}, ""CE"": {""issuing_body"": ""Bureau Veritas"", ""valid_until"": ""2028-11-28""}, ""ISO 14001"": {""issuing_body"": ""T\u00dcV Rheinland"", ""valid_until"": ""2028-09-28""}}","326","shipments/day",59,"https://www.example-supplier-5520dafc.com","procurement@example-708ed32a.com","febbaf95-7bf8-4b37-95f5-388d2c13fd49",True,"2026-05-22 10:49:01.338832+00","2026-05-22 10:49:01.338832+00"
"ffae009d-40d2-4754-8629-8f32c4acaa88","Krakow Construction Materials GmbH","Producer of structural concrete elements, precast components, and thermal insulation materials. CE marked products compliant with EU Construction Products Regulation.","construction_materials","Poland","Krakow","84 Industriestraße, Krakow, Poland","49.837093","20.00038","[""ISO 9001"", ""CE"", ""IATF 16949"", ""ISO 14001""]","{""ISO 9001"": {""issuing_body"": ""Bureau Veritas"", ""valid_until"": ""2028-08-28""}, ""CE"": {""issuing_body"": ""Lloyd's Register"", ""valid_until"": ""2029-03-28""}, ""IATF 16949"": {""issuing_body"": ""DNV"", ""valid_until"": ""2028-08-28""}, ""ISO 14001"": {""issuing_body"": ""T\u00dcV Rheinland"", ""valid_until"": ""2028-10-28""}}","3663","tons/month",42,"https://www.example-supplier-1bf4482b.com","procurement@example-5285fe64.com","ffae009d-40d2-4754-8629-8f32c4acaa88",True,"2026-05-22 10:49:01.338832+00","2026-05-22 10:49:01.338832+00"
"ffb743db-d034-4b17-85c4-59648f022843","Duesseldorf Construction Materials B.V.","Producer of structural concrete elements, precast components, and thermal insulation materials. CE marked products compliant with EU Construction Products Regulation.","construction_materials","Germany","Düsseldorf","23 Industriestraße, Düsseldorf, Germany","51.378658","6.520137","[""ISO 9001"", ""REACH"", ""ISO 45001""]","{""ISO 9001"": {""issuing_body"": ""T\u00dcV Rheinland"", ""valid_until"": ""2028-07-28""}, ""REACH"": {""issuing_body"": ""DNV"", ""valid_until"": ""2029-07-28""}, ""ISO 45001"": {""issuing_body"": ""Lloyd's Register"", ""valid_until"": ""2026-03-28""}}","2697","tons/month",89,"https://www.example-supplier-629bd8ba.com","procurement@example-1a318ed7.com","ffb743db-d034-4b17-85c4-59648f022843",True,"2026-05-22 10:49:01.338832+00","2026-05-22 10:49:01.338832+00"
